Video Title,Video ID,Publish Date,Views,Video Length,Transcript Found
Pip | A Short Animated Film by Southeastern Guide Dogs,07d2dXHYb94,2018-10-24T20:00:14Z,483855336,4:05,No
Siren Head- Horror Short Film,zrkB1HVpz5k,2020-06-18T15:29:02Z,177776572,4:43,Yes
Hair Love | Oscar¬Æ-Winning Short Film (Full) | Sony Pictures Animation,kNw8V_Fkw28,2019-12-05T14:00:12Z,103390275,6:48,No
Taylor Swift - All Too Well: The Short Film,tollGa3S0o8,2021-11-13T00:00:10Z,95147886,14:56,Yes
Pregnancy - How a Wonder is Born! (Animation),izOa3-AX8zQ,2021-04-30T22:54:41Z,87298754,19:35,Yes
Making The World's First Male Sex Doll | Slutever,GKFHZuCvvS4,2016-10-20T17:20:43Z,86002618,17:21,No
The Fox and the Bird - CGI short film by Fred and Sam Guillaume,Jm0MLlE4x0U,2021-03-25T12:00:04Z,56810853,12:07,Yes
Heart of a Lio: The amazing animated short film by Gatorade,nPsz2ggTAkk,2018-06-06T05:21:00Z,53403692,4:20,Yes
Off to the Vet (Full Film in COLOUR) I A Simon‚Äôs Cat SPECIAL,GTUruS-lnEo,2017-10-26T12:09:49Z,51932039,12:52,Yes
YFN Lucci - Documentary ( Lyrics ),HSI_Dt4cmOY,2016-10-02T17:36:46Z,49928585,5:44,Yes
"One Day in the Coldest Village on Earth ‚àí71¬∞C (‚àí95¬∞F)  | Yakutia, Siberia",lj5GXZaE7qs,2022-03-02T13:00:11Z,44838577,17:35,Yes
FORTNITE The Movie (Official Fake Trailer),UfKmSfgFxi8,2018-05-11T21:11:16Z,44115423,8:47,Yes
YFN Lucci - Documentary [Official Music Video],vLzREYJ1ucA,2017-02-16T21:46:57Z,38302449,4:14,Yes
"""FIRST TIMERS"" - Starring Nick Merico, Comedy Short Film",osU7D-4KIeQ,2019-12-13T23:00:09Z,37821630,8:59,No
Bean ARRESTED | Bean Movie | Funny Clips | Mr Bean Official,13FLawVtwSc,2020-01-07T14:00:00Z,37103667,10:11,No
Cicada 3301: An Internet Mystery,I2O7blSSzpI,2018-05-19T18:50:31Z,33893907,17:54,Yes
FULL FILM: McLaren Speedtail vs F35 Fighter Jet | Top Gear,ROOeGPrC1Do,2020-04-26T09:15:00Z,32459354,6:55,Yes
AIRPLANE Bean | Bean Movie | Funny Clips | Mr Bean Official,du4DDUcC2gw,2019-12-17T14:00:08Z,30322034,10:56,Yes
SURGERY With Dr Bean | Mr Bean: The Movie | Mr Bean Official,FG3ohfDASao,2021-04-08T13:00:09Z,28097756,13:15,Yes
WiNDUP: Award-winning animated short film | Unity,efGqe1j3RNk,2021-01-19T20:03:16Z,25120591,9:55,No
Horror Short Film ‚ÄúThe Dollmaker‚Äù | ALTER,OqSmb3n0j8o,2019-04-04T16:45:00Z,24693597,9:04,No
Inside Hong Kong‚Äôs cage homes,hLrFyjGZ9NU,2018-08-15T10:00:14Z,23508924,9:54,Yes
The Real Walter White,HkB9VJdu27M,2013-11-27T19:16:50Z,22911050,17:03,Yes
An American Coach in London: NBC Sports Premier League Film featuring Jason Sudeikis,6KeG_i8CWE8,2013-08-03T07:57:56Z,21694344,4:42,Yes
"Sci-Fi Short Film ‚ÄúFTL"" | DUST",t8LD0iUYv80,2019-01-05T15:00:12Z,21560335,14:43,Yes
Film Theory: The Cars in The Cars Movie AREN'T CARS!,4riem49Yjus,2017-03-14T20:00:36Z,20824806,13:32,Yes
Film Theory: What is the Bird Box Monster? (Bird Box Netflix),DiTaYglOlnY,2019-02-05T23:22:10Z,19609006,18:35,Yes
Film Theory: The HORRIFIC Story of Salad Fingers,G-J9UhqwHfQ,2016-10-06T22:01:19Z,16224385,16:01,Yes
FATHOM - [Thriller] Slender Man Short Film,q2duevcUMGw,2013-10-25T21:10:48Z,15603282,8:01,Yes
Documentary (feat. Bigga Rankin),1Y2rfQz8gAs,2016-03-02T06:07:05Z,15263905,4:15,No
Ex-Mob Boss Rates 13 Mafia Movie Scenes | How Real Is It?,_HZbkdEggHI,2020-02-17T15:38:37Z,14474324,12:48,Yes
"I've Eaten Only Mac & Cheese for the Past 17 Years, Here's Why",v1TWvXwgKr0,2019-10-13T15:00:09Z,14332751,18:03,Yes
"""Model Citizen"" | Dystopian Animated Short Film (2020)",mVLrBJYGxk4,2020-01-10T07:22:16Z,14030066,5:04,Yes
Film Theory: ENDING The Salad Fingers Mystery,uCTTeql6V-A,2016-10-29T17:18:43Z,13873811,13:14,Yes
"Horror Short Film ""Other Side of the Box"" | ALTER",OrOYvVf6tIM,2020-12-25T14:00:15Z,13728593,15:23,No
Documentary Of Marble Quarries Based In Greece (Marble Extraction And Proccesing),NrtwBO_nyFA,2022-01-20T14:00:11Z,13496366,7:46,Yes
Explained | The Stock Market | FULL EPISODE | Netflix,ZCFkWDdmXG8,2020-04-17T13:00:02Z,13330349,17:34,No
How fan films shaped The Lego Movie,TVe5XPU10Zc,2017-06-15T13:07:45Z,13199817,7:56,Yes
Horror Short Film ‚ÄúTeeth‚Äù | ALTER,a2wpvc96i24,2019-09-25T16:00:00Z,12827277,6:02,Yes
Film Theory: The¬†Lorax¬†Movie LIED To You!,m-_GFcWr0lI,2020-11-21T18:05:17Z,12710084,17:32,Yes
Bear‚Äôs WILDest Moments ü§Ø Animals on the Loose: A You vs Wild Movie | Netflix After School,EucvD2TJ6xQ,2021-03-01T18:00:00Z,12705425,6:43,No
UNCHARTED - Live Action Fan Film (2018) Nathan Fillion,v5CZQpqF_74,2018-07-16T14:05:19Z,12543306,14:49,Yes
"CGI Animated Short Film: ""Pharaoh"" by Derrick Forkel, Mitchell Jao | CGMeetup",c0yxXmE6w_4,2018-08-30T20:57:32Z,12380899,5:09,Yes
Alternative Math | Short Film,Zh3Yz3PiXZw,2017-09-19T13:52:09Z,12330235,9:07,Yes
Anxiety - Short Film,mRqR4mOC4gc,2018-02-25T17:11:15Z,11603110,6:16,Yes
Six-Day War (1967) - Third Arab‚ÄìIsraeli War DOCUMENTARY,hHqJ6pgdE-c,2018-08-28T14:01:19Z,11594091,15:59,Yes
Haunted by Columbine | Retro Report Documentary | The New York Times,AUSJ6rqEWUY,2015-09-29T22:00:00Z,11244426,12:21,Yes
I Got Addicted to Heroin in Front of 1.5 Million YouTube Subscribers,_FyHhC3Y8Fc,2020-01-21T20:00:09Z,11101392,14:37,Yes
What Happens to Used Tires? | Free Doc Bites,y0ah6QZpI3M,2021-03-05T14:00:30Z,10582585,14:49,Yes
are you okay? | Award-Winning Short Film,tJsGGsPNakw,2021-04-29T15:00:23Z,10024015,8:46,No
Let's Eat - Award Winning Animated Short Film,0MX_fJAhmEE,2021-09-26T18:45:10Z,9803436,8:31,No
This Sahara Railway Is One of the Most Extreme in the World | Short Film Showcase,jEo-ykjmHgg,2018-07-11T12:00:05Z,9764102,12:50,No
Film Theory: Spongebob and the Secret Under Goo Lagoon (Spongebob Squarepants),lbTT5l-J95E,2019-08-22T21:05:35Z,9669221,16:38,Yes
The Best Movie Parodies - Chappelle‚Äôs Show,0r3Ga2wZz90,2020-05-09T16:00:00Z,9637836,15:01,Yes
What Happens When PIRATES Attack MASSIVE US Navy Ships? | Somali Pirates Documentary,cZHuURTlDzU,2023-08-20T12:51:04Z,9513334,17:26,Yes
"What I Saw as a Fake Billionaire | Fakes, Frauds and Scammers",aKwkMZbeeGo,2022-05-09T15:00:01Z,9496308,11:53,No
Top 10 Movie Stripteases,5jGKnTCosRk,2013-08-06T14:51:44Z,9198549,8:38,Yes
"How ""Free Solo"" Filmed The First El Capitan Climb With No Ropes | Vanity Fair",dtnjRoDa71Y,2019-01-11T17:30:00Z,8864076,7:21,Yes
Film Theory: The Tragic World of Arthur Exposed! (PBS Arthur),ExwtgMtovyY,2020-10-08T19:05:11Z,8642117,14:53,Yes
"Sci-Fi Short Film ‚ÄúHyperlight"" | DUST",Od49AfIS2-U,2018-06-23T14:00:02Z,8414212,16:30,Yes
How They Made Elf | The Holiday Movies That Made Us,rYPJYxEoPCg,2020-11-30T16:00:00Z,8078592,6:18,No
Moneyball: He Gets on Base (MOVIE SCENE) | With Captions,3MjxoaynCmk,2021-09-09T18:45:00Z,7850762,5:35,Yes
1 US Sub Sinks a Japanese Supercarrier - Sinking of Shinano Documentary,9Lgc_NtwApQ,2022-12-23T14:39:21Z,7775424,16:45,Yes
Film Screening - SNL,q5ZaBIKhCzI,2017-02-24T14:00:05Z,7760059,5:52,Yes
What Makes Hans Landa One Of The Most Terrifying Villains in Film History,gGPwqVVaWjk,2022-01-24T18:00:27Z,7720272,8:39,Yes
The Twins | CalArts 2022 Film | Michelle Tang,XCawr8qHbHE,2022-04-29T05:04:02Z,7686475,4:11,Yes
Germany After WW2 | A Defeated People | Documentary on Germany in the Immediate Aftermath of WW2,x8XG-nbM3BE,2014-07-24T22:00:34Z,7609171,19:06,Yes
Mr.Children „ÄåDocumentary film„Äç from ‚ÄúMINE‚Äù,Far8LLATzx4,2020-12-01T03:00:02Z,7186370,4:39,No
Identity SHORT FILM (Award Winning Inspirational Short),ikGVWEvUzNM,2012-05-24T20:06:56Z,6943686,5:19,No
"Nuclear blasts, preserved on film",ftCcMjXPpII,2019-03-03T15:39:09Z,6729097,6:00,Yes
Film Theory: Do Not Believe His Lies (The Mandela Catalogue),CeALigczlxI,2021-12-12T19:05:23Z,6704823,15:54,Yes
DARK SKIN Short film WOMEN EMPOWERMENT | Motivational Video | Hindi Short Movies | Content Ka Keeda,6elzSKCRuGg,2021-04-08T07:00:03Z,6519838,11:25,Yes
The 100 Most Iconic Movie Lines of All Time,QUjxsuGwTA8,2015-06-09T00:47:35Z,6480183,6:04,Yes
Why does Russia Own Kaliningrad/ K√∂nigsberg? (Short Animated Documentary),H5K4tq-9osc,2019-09-12T19:15:00Z,6398739,4:08,Yes
Clubbing in the Wild (David Attenborough nature documentary parody),q8zwIphm5r4,2018-05-23T10:50:05Z,6300892,4:21,Yes
India‚Äôs prostitution villages | DW Documentary,ew7-Z2xCMgE,2023-06-19T16:00:34Z,6268919,12:26,Yes
What They Won't Tell You In The Bulls Documentary,jaGGJLAGWeA,2020-04-29T23:39:12Z,6222089,14:27,No
The Adam Sandler Paradox,Ju6Yj5QvIjY,2023-05-19T15:00:27Z,5995100,19:34,Yes
Lab Puppies Growing from 1 Hour to 70 Days - A Documentary,ZyrQwNtGK-E,2022-06-23T20:49:17Z,5933175,14:18,Yes
Gone Fishin' | Animated short film by Rosa Niclas and Marcel Kn√ºdeler,K6xMzj6uQGA,2016-04-14T12:00:02Z,5843656,9:45,Yes
"Nepal: Little Buddha, the return - Documentary",eDho1Y8MekE,2018-04-04T21:30:01Z,5842208,11:33,Yes
J. Cole - Applying Pressure: The Off-Season Documentary,135bv6GhD2M,2021-05-10T17:00:12Z,5790066,12:32,No
You Can Make a Netflix Style Doco About Literally Anything,9BUrNe3Vhtk,2021-08-24T14:12:45Z,5748015,4:23,Yes
The WW2 Tank Battle Caught On Film! (WW2 Documentary),o_Uhx1YInQU,2023-04-01T14:58:44Z,5540579,19:36,Yes
INCEST MURDERS: The Most HORRIFIC Story You've EVER Heard ‚Ä¢ EWU Story Time & Crime Documentary,Yz0ft0YhNHU,2021-04-23T18:11:13Z,5514661,16:14,Yes
Matt Walsh Revisits His What Is A Woman Interview With Dr. Forcier,zdDB8wU73NA,2022-06-03T18:00:11Z,5469091,19:56,Yes
Ignore It - Short Horror Film ( Award Winning ),hs3paMLb9Qg,2021-10-29T22:00:09Z,5468231,6:34,No
How The U.S. Ruined Bread,FovIyqov1uA,2022-07-13T12:00:07Z,5425851,16:00,Yes
Peep and the Paperplane | Animated short film by Christoph Englert,C0zL5_Hwusw,2020-04-18T11:00:14Z,5381261,11:38,Yes
Cinematic Documentary Background Music - by AShamaluevMusic,EcAX2cbsdRw,2018-04-30T05:00:00Z,5250696,4:02,No
The First Horror Movie Written Entirely By Bots,WZzbxNoMjGM,2021-10-06T17:00:00Z,5186344,4:23,No
THE FENCE | Award Winning Short Film,gDZ2oO9Ny1M,2018-06-06T18:04:10Z,5075797,19:42,Yes
Film Theory: The Dark Science of Rick and Morty's Portal Gun! ft. Neil deGrasse Tyson,FHcaQo4fmdM,2020-05-19T22:01:04Z,5003248,13:41,Yes
The Dark Side of Science: The Little Albert Experiment (Short Documentary ),T-O7iz0Jat8,2021-06-19T13:00:09Z,4979708,13:40,Yes
Film Theory: Is Spongebob a Mutant? Solving Bikini Bottom's Most Popular Theory!,57udq_EmydE,2021-07-03T17:05:14Z,4863572,14:34,Yes
FASTER: A Chapter From The Cure (Short film),RQDntmtmIbI,2021-01-15T19:18:17Z,4811819,11:12,Yes
Terrible Price of Victory -  Battle of Iwo Jima (WW2 Documentary),p_p53XwTs_E,2022-02-17T16:30:05Z,4722974,18:58,Yes
'I Am Paul Walker' Documentary Highlights | Paramount Network,h1jEmWpXZzw,2019-12-03T01:00:03Z,4500435,10:07,Yes
Ten Minute History - World War One and International Relations (Short Documentary),obzqMCu8vGs,2018-11-05T15:11:23Z,4456476,10:00,Yes
Ten Minute History - The Late British Empire (Short Documentary),uifyFUL22PA,2016-11-18T15:13:10Z,4449820,10:00,Yes
"THE CROODS: A NEW AGE | Wildest Wildlife Croodimals ""Documentary""",D8lompEXPyE,2020-11-10T16:59:46Z,4317532,4:35,Yes
Cameroon: Anatomy of a Killing - BBC Africa Eye documentary,XbnLkc6r3yc,2018-09-23T23:00:01Z,4260473,11:07,No
Ten Minute History - The Early British Empire (Short Documentary),fQktE-YKlJg,2016-09-26T13:27:30Z,4232506,9:59,Yes
The Gunfighter | A Short Film by Eric Kissack (narrated by Nick Offerman),cWs4WA--eKU,2016-10-28T12:14:37Z,4230880,8:50,Yes
This is Why Mark Cavendish is the GOAT Sprinter ‚îÇ Short Documentary,HR3TWL3sGcc,2022-02-15T15:10:54Z,4208619,15:18,Yes
The Ship Sinking MS Estonia (Disaster Documentary),VslQpDCUsbQ,2021-12-10T19:00:10Z,4001379,15:13,Yes
Cuts & Transitions 101,OAH0MoAv2CI,2016-03-03T16:00:27Z,3971580,11:41,Yes
A History of Falls Into The Grand Canyon | A Short Documentary | Fascinating Horror,x1t0pzX6VzQ,2021-02-16T10:15:01Z,3939508,12:46,Yes
Hadzabe Hunter Full Documentary. Gatherer & Traditional Life Style (Episode 2),HhEfIdq7_zY,2022-12-05T10:23:43Z,3892776,14:16,Yes
Color Grading in Premiere Pro CC - Get Pro Film Look,RvFCnVRcT3Q,2019-10-15T15:00:05Z,3871156,16:53,Yes
Fall Of Constantinople 1453 - Ottoman Wars DOCUMENTARY,8W0OTGQEY8E,2018-02-04T14:00:00Z,3820875,12:02,Yes
He Spent a Year in 3906 | This is what Paul Amadeus Dienach saw,8HgLQGb907s,2022-02-18T15:00:08Z,3805519,18:37,Yes
"Film Theory: Saw, How A Dead Man Killed Jigsaw",_shya2aE75M,2022-06-26T17:05:33Z,3755554,13:09,Yes
How Hackers Stole $1.000.000.000 From Banks (Carbanak) Documentary,GSNopHdNnKE,2021-06-03T02:25:28Z,3750474,15:59,Yes
Ten Minute History - German Unification and Empire (Short Documentary),tq91I3TnWu4,2017-02-22T11:21:46Z,3640187,10:00,Yes
Why Does Britain Own Gibraltar? (Short Animated Documentary),LMTJW_eEYDs,2021-03-08T18:15:01Z,3619292,4:04,Yes
Why does Belgium Exist? (Short Animated Documentary),6eGEX_LTqhQ,2020-05-18T18:14:38Z,3582558,5:00,Yes
Ashoka the Great - Rise of the Mauryan Empire Documentary,Ed6UZtVTI64,2019-04-18T12:59:54Z,3535678,17:52,Yes
Horror Short Film ‚ÄúChilder‚Äù | ALTER,uRCK3umiKQQ,2019-06-06T16:00:08Z,3531461,17:01,Yes
Pangolins: The Most Trafficked Mammal You've Never Heard Of | National Geographic,DqC3ieJJlFM,2018-05-28T12:00:01Z,3486838,4:36,Yes
Morgan Wallen - 7 Summers (Short Film),pH8mu6-FvE0,2020-11-09T16:00:11Z,3434402,8:18,Yes
Ten Minute History - Westward Expansion and the American Civil War (Short Documentary),9v5pY9300MQ,2018-12-17T21:53:50Z,3369901,10:00,Yes
"Sci-Fi Short Film ‚ÄúFinal Offer"" | DUST Original",rv8kOzRZK8g,2018-07-19T14:00:04Z,3324332,11:24,Yes
AWARD Winning Hindi Short Film - ZUNI (The Untold Truth of Every Family) Ft. Divya Dutta | BB Films,1NAX6ilB8xY,2022-05-06T13:00:02Z,3281519,11:02,Yes
Daily Life of Living under the Mount Everest; How is Everest Village Life Like? (full documentary),JNXKB_dq8iw,2023-06-29T07:28:27Z,3238160,17:34,Yes
Ten Minute History - The Fall of Rome (Short Documentary),EIkeRBP5nDg,2018-09-09T14:29:21Z,3183344,10:00,Yes
That Night in Abu Dhabi - Formula 1 Short film,Z3zUcAwOs1A,2022-04-11T16:14:46Z,3190530,14:26,Yes
Ten Minute History - Mussolini and Fascist Italy (Short Documentary),QOzezrUxAMk,2019-02-04T18:20:28Z,3169824,10:00,Yes
Ten Minute History - World War 2: Free and Vichy France (Short Documentary),5bqWm3DLcYk,2019-01-07T18:00:01Z,3158597,10:00,Yes
Ten Minute History - The Austro-Hungarian Empire (Short Documentary),745HeLp-0sA,2018-06-12T11:30:00Z,3125483,10:00,Yes
Ten Minute History - The Weimar Republic and Nazi Germany (Short Documentary),vO-_HXO7HwY,2016-10-25T15:30:47Z,3113087,10:00,Yes
Aloneness to Oneness - Best Life Changing Spiritual Documentary Film on Non-duality,9M56t0UoW5M,2021-09-16T10:30:02Z,3091524,19:29,Yes
The 2020 Beirut Explosion Disaster Documentary,NgQ7jh9mrWs,2023-02-21T16:19:09Z,3058832,13:49,Yes
The Alien Movie Saga Finally Explained,B2l2tWZdJII,2020-05-03T01:00:06Z,3044187,12:15,Yes
Ten Minute History - The Unification of Italy (Short Documentary),kjFscoiE8eI,2018-08-18T07:23:15Z,2983926,10:00,Yes
"CGI 3D Animated Short Film HD: ""Life is Great"" by Lightberg Studios | CGMeetup",1tEZR9WBLXU,2022-02-17T17:15:49Z,2939531,5:36,No
Deadly Moments - The Aftermath of Teutoburg Forest (9AD) DOCUMENTARY,3_Z2AnIpgOc,2021-04-09T19:06:10Z,2918958,14:56,Yes
Rape is Consensual: Inside Haryana's Rape Culture | Documentary by The Quint,Pgom8LRF8hQ,2018-04-07T05:22:26Z,2919178,11:50,No
Motivational Story in Hindi Short Film Never Give Up Failure Leads To Success | Content Ka Keeda,BzHpk4LT5s4,2021-09-23T07:00:06Z,2884457,12:40,Yes
'ABC forgets' documentary which ‚Äòabsolutely skewers the renewable energy industry‚Äô,_fQZfFy9cFs,2020-04-27T10:52:56Z,2871108,8:53,Yes
A Rare Look at the Secret Life of Orangutans | Short Film Showcase,0fts6x_EE_E,2018-07-02T12:00:01Z,2820627,17:25,Yes
"""India's Daughter"" documentary director flees India",VBVOdtuWuZs,2015-03-05T14:40:46Z,2792462,4:49,Yes
Kids Behind Bars: Prison camp for children | Free Doc Bites | Free Documentary,Gn86KSyp95s,2019-09-29T16:00:04Z,2762358,11:38,Yes
"Horror Short Film ""Bakemono"" | ALTER",LxNCdlcUmcg,2021-08-05T13:00:17Z,2752988,9:34,No
The Los Alfaques Disaster | A Short Documentary | Fascinating Horror,v2h4vw9cYP8,2020-12-01T10:15:03Z,2719295,10:06,Yes
Real Ghost of Tsushima - Mongol Invasion of Japan DOCUMENTARY,11Y_Q1w-d_E,2020-07-17T12:59:50Z,2720355,14:53,Yes
E52 A Bite at office---Ms Yeah's cooking documentary | Ms Yeah,gtT3XBpt47g,2018-03-23T09:52:05Z,2685740,8:26,No
Why Does Moldova Exist? (Short Animated Documentary),phiapMuyQ3w,2020-06-24T17:15:03Z,2664477,4:05,Yes
Ten Minute History - The Russian Revolution (Short Documentary),ZZ55ZvBe07U,2016-12-31T16:29:27Z,2637718,10:00,Yes
Why did Sweden and Norway Break Up? (Short Animated Documentary),A8SAZ8lI4m4,2021-11-15T18:15:00Z,2585144,4:05,Yes
We Found the Worst Car Movie Ever Made,rhL81MGXBRU,2022-06-20T12:00:29Z,2544560,15:08,Yes
Why Palpatine Is The Greatest Movie Villain Ever,LXsYcdXaa7I,2020-08-08T14:30:08Z,2487113,10:38,Yes
A growing concern: Teenage pregnancy in Brazil | DW Documentary,xr_nln2ZQw8,2023-07-24T16:00:49Z,2468072,12:26,Yes
Ten Minute History - The Spanish Civil War and Francisco Franco (Short Documentary),Yw-OxbtF1iY,2018-07-28T15:15:14Z,2433151,10:00,Yes
Why didn't Canada join the American Revolution? (Short Animated Documentary),QSBS9Zu5PE0,2019-08-15T18:30:00Z,2361792,4:16,Yes
Tom & Jerry The Movie - 10 Minute Preview - Warner Bros. UK,8bn7YaxlJFI,2021-03-29T13:45:11Z,2363890,10:07,No
JFK (4/7) Movie CLIP - A Meeting with  X (1991) HD,GSw9sjqYK_I,2012-10-07T02:48:10Z,2350811,4:37,Yes
Wiwek & Skrillex - Still In The Cage (Short Film),pjGNpT7CAeQ,2016-08-18T17:45:51Z,2317364,18:32,No
What Don't You Understand? - A Short Film about ADHD,DlFkfOqtgR8,2022-09-24T00:51:31Z,2324830,6:07,Yes
How EU sanctions against Russia are failing | DW Documentary,z7yofon22AM,2023-07-05T16:00:49Z,2308285,17:20,Yes
What did Kaiser Wilhelm do After His Abdication? (Short Animated Documentary),wyOXUMXslis,2019-11-03T18:00:05Z,2284760,4:07,Yes
Netflix and Chill | Short Horror Film,3dgejSjVnsU,2023-01-27T06:30:09Z,2223616,4:39,Yes
4K Ostrich the Flightless Bird - African Wildlife Documentary Film with Narration,GK1ll8e017k,2019-03-09T15:22:17Z,2217719,16:32,Yes
Why Does The Left Consider This Documentary So Dangerous?,o8dF259jZm4,2022-11-29T00:00:21Z,2208623,9:07,Yes
Ten Minute History - Peter the Great and the Russian Empire (Short Documentary),3tBNr2gjAA0,2019-01-21T18:00:00Z,2200099,10:00,Yes
What happened to Rhodesia? (Short Animated Documentary),apkDMJBtlr8,2019-11-08T18:30:01Z,2127023,4:21,Yes
The Spanish American War: Explained (Short Animated Documentary),CaOKfu7ZK7I,2019-10-17T17:32:35Z,2098500,4:20,Yes
Life Inside the World's Largest Container Ships Ever Created - History of Ships Documentary,q2Ih_z2laYw,2023-05-17T18:18:39Z,2064461,15:02,Yes
Ten Minute History - Charlemagne and the Carolingian Empire (Short Documentary),H2J_3RTKB1c,2018-08-04T18:06:30Z,2018266,10:00,Yes
Why is Cyprus Divided? (Short Animated Documentary),38NGVPw3UFw,2022-03-21T18:15:00Z,1983713,4:14,Yes
Horror Short Film ‚ÄúSlaughterbots‚Äù | ALTER,9fa9lVwHHqg,2019-01-17T17:00:01Z,1981009,8:03,No
J.P. Morgan: The Man Who Owned America,x1_a20ZDBlU,2023-06-24T13:31:34Z,1977971,18:54,Yes
Why Single-Origin Coffee Is So Expensive | So Expensive Food | Insider Business,Dmpnrtey3YU,2023-02-28T16:00:08Z,1946437,16:15,Yes
Cute Comedy Short Film - Little Big George | Pocket Films,sPupxtZ6bQQ,2015-04-01T11:59:43Z,1898529,19:34,Yes
Ruby Ridge Documentary: American Standoff | Retro Report | The New York Times,wncvHvUujX8,2014-10-28T15:54:53Z,1864649,12:58,Yes
Ten Minute History - The Thirty Years' War (Short Documentary),EBLVzdvp8qE,2018-09-30T16:27:19Z,1855882,10:00,Yes
PICCHU | Award-Winning Animated Short Film | Amazon Web Services,vKSaF8NvMiQ,2022-08-01T21:51:30Z,1858629,7:22,No
Joining the Foreign Legion,ytLwCnLyn50,2023-03-20T13:57:38Z,1806215,10:56,Yes
"Battle of Grunwald, 1410 ‚öîÔ∏è The Downfall of the Teutonic Order ‚öîÔ∏è DOCUMENTARY",Hgl77ZdyxvE,2022-05-13T13:45:55Z,1796426,18:46,Yes
The ART of MONEY LAUNDERING (Mini Documentary),i5ezTCiwwyg,2020-09-26T14:06:43Z,1786209,10:24,Yes
4K Exclusive Documentary on Karachi City | Discover Pakistan TV,15W4PLDYDfw,2022-06-30T09:35:46Z,1771487,13:05,No
The Daily Life of a Monk | Original Buddhist Documentary,tXjNT4ShksE,2020-05-18T00:04:31Z,1705101,16:09,No
FEMALE EMPOWERMENT SHORT FILM | Power of Women | Hindi Short Movies Content Ka Keeda,Xk9L9Ql-EeU,2022-03-20T07:00:12Z,1693176,12:49,No
POOR BOY who ended up creating Rolls Royce üî• | Documentary,E6wKJdufyos,2023-04-20T16:07:46Z,1662443,14:53,No
Tunnel (Award-Winning Short Film),XYLgwxbwEb8,2023-01-27T00:55:56Z,1649133,7:53,No
Top 10 Places to Visit in Iran - Travel Documentary,0v7cOe1FSUE,2021-12-10T11:15:01Z,1643046,19:35,Yes
TF2: Bots - A Documentary,3PRqmz3vcQQ,2015-12-05T20:19:37Z,1620349,11:38,Yes
Narcissistic Abuse: An Unspoken Reality (Short Documentary),rLCPDYt1wYk,2017-03-03T14:05:22Z,1586285,17:39,Yes
India's take on BBC's Modi documentary,XLnhxp1m1no,2023-01-25T18:27:22Z,1557148,5:29,Yes
The secrets of Hitler that very few people know || Urdu/Hindi Documentary,IjSpO3YC3Rg,2021-06-05T11:00:07Z,1536820,11:28,No
Finding the F√ºhrerbunker : Hitler's Last Days (WW2 Documentary),7yM1-A0VTi0,2023-02-08T20:02:37Z,1465055,19:31,Yes
He Was Paralyzed by One Punch : Charles Oliveira Documentary,DMUsfdibgCc,2022-05-04T18:29:56Z,1446519,18:16,Yes
Stoke-on-Dust | 'Monkey Dust' Documentary (2019),fVfVaiqhwIw,2019-01-09T18:00:21Z,1444989,14:28,Yes
Rangabati ||  Endless Journey Of A Song ||  Official  Full Length Documentary Film || HD Videos,K1t52q0_0es,2016-10-08T12:47:32Z,1432316,11:47,No
The Blind Side | Full Movie Preview | Warner Bros. Entertainment,MsDSq_kVzV8,2020-04-13T17:59:46Z,1415420,10:02,No
Evolution of the Indo-European Languages - Ancient Civilizations DOCUMENTARY,VpXgMdvLUXw,2022-07-09T12:59:52Z,1406590,18:08,Yes
Was Appeasement Justified? (Short Animated Documentary),Hzomi4RNtiE,2019-06-12T17:16:44Z,1405001,4:06,Yes
Documentary on High School in South Korea (part 1 of 2),z5GvkcjszLk,2011-08-05T00:02:04Z,1395230,10:28,No
How and why did Switzerland become Neutral? (Short animated documentary),suu8mp03F8A,2022-04-07T17:15:04Z,1397856,4:09,Yes
"MUSCAT, OMAN | TRAVEL DOCUMENTARY | OMAN SERIES PT 1",I0W_XKWzUnY,2022-03-27T11:00:12Z,1375762,9:05,Yes
What Makes Terence Fletcher One Of The Most Terrifying Villains In Film History,Y8GwUrZNAzE,2022-06-13T17:00:27Z,1367633,9:40,Yes
"how i FILM, EDIT & COLOR GRADE iPhone CINEMATIC MODE video!",Lf5SSJw3HGQ,2022-01-20T01:55:06Z,1360308,8:46,Yes
INSIDE THE HOME OF AN ORTHODOX JEWISH FAMILY - HANGING WITH HASIDICS II:  WELCOME TO THE FAMILY,T1311NIaY2k,2022-08-31T22:33:44Z,1350920,13:49,Yes
‡§®‡•ç‡§Ø‡•Ç ‡§Ø‡•â‡§∞‡•ç‡§ï ‡§Æ‡•á‡§Ç ‡§ó‡§∞‡•Ä‡§¨: ‡§∂‡§π‡§∞ ‡§î‡§∞ ‡§µ‡§π‡§æ‡§Ç ‡§ú‡•Ä‡§®‡•á ‡§ï‡•Ä ‡§ï‡•ã‡§∂‡§ø‡§∂ [Poor in New York] | DW Documentary ‡§π‡§ø‡§®‡•ç‡§¶‡•Ä,#NAME?,2023-01-27T13:00:00Z,1342252,12:27,No
Last Stand of Japanese Heavy Cruiser - Battle of the Malacca Strait Documentary,u2xUAHDTCkQ,2023-03-22T15:42:24Z,1301790,14:13,Yes
The Documentary,G1UhVGs6Rjo,2018-07-24T19:10:20Z,1273542,4:12,No
KUCH TOH GADBAD HAI | Hindi Comedy Short Film | SIT,iU5vbodePBY,2022-06-09T09:06:10Z,1274946,13:38,No
The Legacy of Christopher McCandless | A Short Documentary | Fascinating Horror,h34zjOkBHtY,2022-03-01T10:15:01Z,1273070,11:47,Yes
The Cold War Explained In 15 Minutes | Best Cold War Documentary,NF3u8Ju9aAg,2020-11-09T21:21:33Z,1257479,16:56,Yes
"PLATINUM Documentary: Mining, Science and History",NG2Y_GpNCds,2022-02-07T14:45:10Z,1233102,17:08,Yes
Kinabuhi - Award Winning Documentary Short Film,dCJg9PLxo5M,2015-08-11T16:16:10Z,1225055,14:20,No
Why the Mike Tyson of MMA Never Joined the UFC  ‚ùò Fedor Emelianenko Documentary,JvGlyU3cAHM,2023-02-10T02:22:23Z,1202742,16:51,Yes
HIDDEN - cinematic short film,mT8rRlwgZUM,2022-10-05T13:30:16Z,1196501,6:09,No
"I, Pencil: The Movie",IYO3tOqDISE,2012-11-14T23:17:17Z,1182226,6:33,Yes
The Greatest King of Babylon | Nebuchadnezzar II | Ancient Mesopotamia Documentary,WX4sTXOKRcY,2022-07-17T00:41:33Z,1168290,13:00,Yes
Your Body on Cannabis (Documentary),_YCzE8SOO_g,2014-07-12T20:54:34Z,1158429,14:55,Yes
The Full Story of Tay K (Documentary),g9rEvITqN4E,2023-02-10T22:30:07Z,1136591,19:50,Yes
The Film That Changed South Korea | Video Essay,WDv3KEt6LWQ,2021-10-28T14:27:48Z,1121790,13:19,Yes
AURORA - Nothing is Eternal (A Documentary),4vdBorK67tk,2016-08-04T15:01:25Z,1106190,11:16,Yes
Mursi of Ethiopia - Full Documentary,tYkeQyqz9Qw,2021-11-24T15:00:40Z,1107877,19:56,Yes
"Stalin's speech at the parade November 7, 1941 (1941) documentary",WbDMaimE5Es,2016-12-19T20:03:14Z,1099887,6:48,No
"How One Woodworking Project Made Me $2,612,367 | A Documentary",qpphSeKdxw0,2023-06-25T14:00:29Z,1042888,18:51,Yes
The Fukushima Nuclear Power Plant Disaster (Disaster Documentary),u-fjLiOg_Hg,2021-12-30T19:00:27Z,1016215,14:02,Yes
Transgender in Pakistan | DW Documentary,ZA9BwA4uO1o,2023-04-12T16:00:32Z,1006719,12:26,Yes
Movies are Magic: Crash Course Film History #1,vsnB4iBb78o,2017-04-14T01:09:38Z,1006041,9:44,Yes
The Congo: Militias and violence | DW Documentary,kBH_x7rkU2o,2021-04-27T16:00:17Z,996085,12:32,Yes
Germany‚Äôs poor pensioners | DW Documentary,lDveK6oWN5w,2018-01-22T14:45:25Z,993225,12:01,Yes
6 Ways to Edit Any Scene ‚Äî Essential Film & Video Editing Techniques Explained [Shot List Ep. 10],FVR8zz8ci2k,2022-02-14T12:00:16Z,994621,18:48,Yes
The Full Story of Kay Flock (Documentary),Pkg9rFbfykg,2023-03-19T00:15:00Z,982939,18:27,Yes
The Girl With The Three-Minute Memory (Amnesia Documentary) | Real Stories [4k],ZeiMhUlipTk,2021-11-06T17:00:18Z,968466,8:55,Yes
King Von: The Ghost of O‚ÄôBlock (Documentary),6ZmtgfVqSn4,2023-02-08T00:22:04Z,969116,19:35,Yes
Travel To Georgia | georgia History Documentary in Urdu And Hindi | Spider Tv | ÿ¨ÿßÿ±ÿ¨€åÿß ⁄©€å ÿ≥€åÿ±,gVvb536h77o,2021-08-31T13:14:04Z,931828,19:40,No
World CUP ‡§∏‡•á ‡§™‡§π‡§≤‡•á ‡§ú‡§¨ ‡§¶‡•Å‡§®‡§ø‡§Ø‡§æ ‡§â‡§∏‡•á ‡§ü‡•Ä‡§Æ ‡§∏‡•á ‡§®‡§ø‡§ï‡§æ‡§≤‡§®‡•á ‡§ï‡•Ä  ‡§§‡•à‡§Ø‡§æ‡§∞‡•Ä ‡§Æ‡•á‡§Ç ‡§•‡•Ä | A dream comeback of Virat Kohli,wcf6vQQldWo,2023-10-04T05:36:42Z,928348,13:41,No
"LGBT short film ""Flamingo Pride"" | by Tomer Eshed",vojEWV13BQc,2015-05-02T07:00:01Z,911699,6:04,Yes
Renaissance Technologies - Trading Strategies Revealed | A Documentary,lji-jNsXmAM,2020-12-09T12:29:05Z,868497,17:12,Yes
A Brief History of: The Sarov Criticality (Documentary),s5HX_ALalnk,2021-05-29T13:00:17Z,859990,12:10,Yes
the ghost ski resorts | fortress | chapter two | full movie,hRHDB75gkdY,2022-01-11T20:00:10Z,862234,10:16,Yes
MIA: Masculinity in America | Full Documentary,YX3So8iz8Ak,2023-12-27T16:00:11Z,856825,16:47,Yes
What Netflix's Murdaugh Murders Documentary Didn't Tell You About The Story,6AKLHRi46p8,2023-03-14T20:30:00Z,842110,12:08,Yes
If TF2 was a Nature Documentary,Se5FQhVKLcA,2023-04-02T13:00:29Z,839287,8:46,Yes
The Enschede Fireworks Factory Disaster 2000 (Documentary),GdAfUzKu-IM,2022-06-21T21:36:10Z,831201,16:24,Yes
7 Fundamental Steps to Film a Short Documentary,XN8dIQ6vptc,2017-12-11T17:57:45Z,803798,6:43,Yes
History of Coffee - Documentary,EJVbsCfLy-8,2021-03-15T00:19:12Z,801857,19:07,Yes
Afghanistan under the Taliban | DW Documentary,kRpPu6OoP00,2022-09-09T16:00:33Z,804117,18:11,Yes
World War II - A Short Documentary,GqPbVuAxWHo,2018-01-06T18:02:14Z,782949,15:53,No
The Tenerife Airport Disaster (Disaster Documentary),uNeXf8N9fmQ,2022-01-29T19:15:01Z,782792,14:53,Yes
A Beginner Guide for 35mm Film Photography.,Ax4Yn16Rw8s,2022-06-19T20:48:06Z,763486,15:08,Yes
When Speedboats Crippled the Russian Fleet - Raid on Kronstadt Documentary,temgmfPL1tE,2022-07-27T13:00:37Z,761645,15:28,Yes
"Sci-Fi Fantasy Short Film: ""Six"" | DUST | Online Premiere",za2fY2ZFelo,2022-03-04T17:00:41Z,738839,11:13,No
Children of ISIS (full documentary) | FRONTLINE,0VPiJr3qBEc,2015-11-23T18:10:29Z,732101,10:41,Yes
Top 20 Creepiest Documentaries Ever Made,mTLjoQkzF7I,2023-06-05T02:00:10Z,690695,19:44,Yes
Just Breathe In - Underage Juul Use Documentary,AlU7tYdG27w,2017-12-22T22:25:32Z,680394,6:47,Yes
BE - A Short Film on Depression & Anxiety,3V9b1ZquLq4,2020-06-27T01:00:12Z,665174,9:53,Yes
Pure O: Unstoppable Instrusive Thoughts (Extreme OCD Documentary) | Real Stories Original,4Vixj8lSEws,2018-06-08T17:00:00Z,647702,14:22,Yes
Chasing Ten - Ironman Triathlon Documentary,kB52JVt7w0Y,2018-11-18T20:28:30Z,645428,17:52,Yes
How to Make Your First Short Film: A Crash Course,8QCK_qEp_PI,2021-02-15T16:30:00Z,645208,8:34,Yes
"Basic Elements of a Film Script for BEGINNERS! (How To Format, Read and Write a Screenplay!)",-3uO0Qqfklo,2022-03-06T19:30:11Z,640654,10:27,Yes
"Streets of Philadelphia, Kensington Ave Documentary, October 25-26 2023",FjTqZ8VvoME,2023-10-27T11:00:12Z,643039,8:09,No
The Crash of United 232 | A Short Documentary | Fascinating Horror,R54kp8cP_LM,2023-05-16T09:15:00Z,624890,10:51,Yes
A Day With Future Best US Air Force Pilots Flying Most Feared Aircraft | Documentary,hJJe7IEZp9M,2023-06-17T17:48:28Z,621619,15:32,Yes
CAUTION: this IS one of the WORST - True Crime Documentary | Hannah Cornelius,pynUHslNqOw,2023-05-07T18:00:09Z,620899,15:28,Yes
The Rise and Fall of Steve Wynn: Uncovering the Tragic Story [DOCUMENTARY],YGVx_ECd9zs,2023-01-20T02:00:10Z,596099,14:05,Yes
Ultimate Guide to Film Composition & Framing ‚Äî Key Elements Explained [Shot List Ep. 11],hUmZldt0DTg,2022-07-11T11:00:22Z,584451,17:49,Yes
"""AB de Villiers' One-Man Army Destroys Mumbai Indians, Rohit Sharma in Shock!""",N7Ji94_k1dE,2023-04-26T04:49:13Z,584877,8:45,No
Turpentine Industry Documentary from the 1940s,QzNxPY3ewas,2022-02-25T20:40:45Z,557625,13:59,Yes
The Greatest Pharaoh | Ramesses II | Ancient Egypt Documentary,TeESSvut5xA,2021-09-10T21:30:10Z,552739,11:00,Yes
The Twilight Saga: Eclipse Part 6 Making of Documentary,GaycxDgyF5Q,2010-12-30T04:50:33Z,546286,10:00,No
MSSP - Shane watches spooky documentaries,WR7khCp1rOg,2022-01-08T21:00:11Z,539067,19:19,Yes
David Beckham mistress Rebecca Loos slams Netflix documentary and says he is 'playing the victim',yHnMQ-sSZco,2023-10-22T09:12:24Z,534483,7:41,Yes
"Hitting To Hurt - Muay Thai Documentary: Jonathan ""The General"" Haggerty",qoaN6Jt4wR0,2021-11-05T16:01:04Z,530313,15:28,Yes
Exploring Maya Civilization for Kids: Ancient Mayan Culture Documentary for Children - FreeSchool,iaKofHyZ00c,2018-06-04T14:27:00Z,522534,15:03,Yes
"Eggshells - A Short Film About Domestic Abuse (coercive control, gaslighting, domestic violence)",YlHxhmOsrHo,2022-11-21T19:47:06Z,522523,5:17,Yes
Life in FINLAND HELSINKI Travel Documentary - What is FINLAND 2023 Really Like? Countries Explained,OXL_E6EjwF0,2023-04-25T18:27:49Z,506252,15:53,Yes
You're Living in the Matrix: Time to Escape This TRAP | Documentary,SUMjIpDXZNQ,2023-11-15T04:30:07Z,500011,12:43,No
XG Documentary Series ‚ÄòXTRA XTRA‚Äô EP XX,Ur0L9aKNXiI,2023-04-11T09:00:16Z,488736,10:10,Yes
"Unseen footage of The Beatles revealed in new documentary, directed by Peter Jackson - BBC News",0OebjReZ1XU,2021-11-25T11:00:00Z,483470,6:02,Yes
The Black River: Whiskey Documentary,YzbHv6_zOFU,2022-12-08T19:08:28Z,480176,16:11,Yes
All English Kings and Queens animated history documentary,evArztIZpYw,2022-06-04T19:00:21Z,481969,17:37,Yes
"San Francisco: The GOOD, The BAD, The UGLY (California Documentary)",r3vx5Xz37Zc,2023-06-18T16:52:05Z,480395,18:18,Yes
MAORI DOCUMENTARY | Meeting the MƒÅori people of New Zealand,yqnz2cQiz68,2019-04-07T14:58:18Z,475747,18:19,Yes
Ilya: the AI scientist shaping the world,9iqn1HhFJ6c,2023-11-02T11:48:58Z,475790,11:46,Yes
Short Documentary On Jim Corbett National Park Dhikala / Bijrani,_DIqSJz0yEM,2018-04-12T09:15:25Z,441168,14:36,Yes
Saturnalia - Rome's Awesome Pagan Christmas DOCUMENTARY,V1K9enEfcC4,2020-12-23T17:56:30Z,419656,16:10,Yes
Inside the hateful and lonely world of incel men | Uncovering Incels | Short Documentary,YWeKsNPdhMw,2023-06-29T07:24:15Z,405822,11:08,No
Speed Session Documentary,4B94WMAwZNg,2020-07-09T13:00:11Z,403570,18:16,Yes
HEROBRINE BURNED MY HOUSE (Minecraft Herobrine Documentary),33eNyoph9ZI,2017-02-17T17:14:08Z,399648,11:13,Yes
Mars - The Red Planet 360 VR Documentary,pgEfZvJjbZg,2017-03-02T23:19:16Z,397199,11:30,Yes
Exploring Egyptian Civilization for Kids: Ancient Egyptian Culture Documentary - FreeSchool,tsMWYzvsqHk,2021-01-10T00:06:48Z,396301,13:56,Yes
Ruby Bridges Fought Racism at 6 Years Old | Inspirational Documentary | Goalcast,UKVv8NH6YGk,2020-11-04T17:30:31Z,391368,9:44,Yes
Life as Jewish settler in the West Bank | DW Documentary,bybyUTIU-qo,2020-09-16T16:00:08Z,387426,12:32,Yes
How are movies made? | The movie making process explained | How to make a movie,NnnuleYz8vU,2020-07-27T23:38:46Z,386548,6:08,Yes
Berlin's growing Indian community | DW Documentary,GKog7E4DBsU,2023-12-04T17:00:08Z,386340,12:26,Yes
The Breakfast Club Breaks down 'Surviving R. Kelly' Documentary,0AUcvDCoFro,2019-01-07T18:37:38Z,366996,5:48,Yes
Citigroup and the 'financial supermarket' experiment | FT Film,3njfN0IOz38,2023-11-27T05:02:33Z,353231,19:37,Yes
The Worst Person on the Internet... (Cyraxx Documentary),OKeYLEDf_Pc,2023-06-18T14:39:35Z,354392,14:28,Yes
SCARFACE THE LION DOCUMENTARY - STORY OF THE MOST FAMOUS LION EVER & HIS BROTHERS - MUSKETEER MALES,rMceUmTw8U4,2021-09-20T19:21:54Z,349358,5:50,No
How World‚Äôs Most Protected President Travels: US President's Motorcade Documentary,BQHi9RB-MH8,2023-06-07T17:57:12Z,348686,15:27,Yes
A Brief History of: The 1957 Rocky Flats Plutonium Fire (Short Documentary),PhnmmdoC2VY,2021-01-23T14:00:16Z,334202,10:52,Yes
BOBA FETT: NO DISINTEGRATIONS - A Star Wars Fan Film,Bgf3ptQ8eqQ,2022-05-21T16:13:34Z,333350,16:17,No
Travel To Micronesia   | Full History Documentary About Micronesia  In Urdu  | ŸÖÿßÿ¶€å⁄©ÿ±ŸàŸÜ€åÿ¥€åÿß€î⁄©€å ÿ≥€åÿ±,6_MAhaWpQsw,2021-04-01T06:40:15Z,330481,8:53,No
BOBA FETT: NO DISINTEGRATIONS - A Star Wars Fan Film,Bgf3ptQ8eqQ,2022-05-21T16:13:34Z,333350,16:17,No
Bo Xilai: Inside the Scandal - A WSJ Documentary,XqaQcOS7juU,2012-06-29T14:59:21Z,320063,17:59,Yes
The Process of Making a Documentary: Pre to Post Production,0hPFlGiAwEM,2018-05-23T02:44:50Z,319361,5:28,Yes
Rebuild - a Cinematic Short Film,v2WCnF3SSUE,2023-01-19T10:04:11Z,319404,5:22,No
How DisguisedToast Became Twitch's Hearthstone Game-breaker | Twitch Documentary Preview | Stream On,imKEY9TNc1Y,2017-11-14T22:00:02Z,310870,8:14,Yes
East Hastings: Canada's WORST Street (DOCUMENTARY),sd_FfZyT97Y,2022-07-08T17:00:38Z,300113,19:55,Yes
Kyle Bass - The $4 Billion Short Trade | Full Documentary,RCivdbqWSs8,2022-11-26T23:22:52Z,295173,19:09,Yes
Osage Murders | 2022 PBS Short Film Festival,C5OiFBNlYkY,2022-07-11T13:00:10Z,291950,13:24,Yes
Indian dream wedding in Kerala | DW Documentary,-AqF-2Htv-I,2019-11-19T19:00:01Z,287045,12:33,Yes
WARRIOR - Georges St-Pierre | Mini-Documentary (2022),Z_08uweMeX0,2022-04-12T00:00:13Z,287018,16:34,Yes
2011 USA v. The World Game Documentary,XNlTUeYa1dE,2011-02-12T03:03:37Z,281309,8:34,Yes
Taylor Swift's MISS AMERICANA Documentary: 6 Must-See Moments,wKH0_38Bz64,2020-02-01T00:30:02Z,281088,10:29,Yes
20 Documentary Movies You Must See Before You Die,CbqywB8THDQ,2020-03-03T12:30:00Z,274997,16:25,Yes
Every Interview Style Explained (A documentary masterclass),4E5DkR87SwI,2022-09-06T13:21:50Z,271788,9:56,Yes
Benjamin Franklin Biography Documentary,Ptb9koYCom0,2010-11-18T07:29:10Z,269812,7:43,Yes
Abraham Ozler Movie Review | Jayaram & Devil's Alternative üí•,ikjzezjN9BA,2024-01-11T08:35:46Z,264668,9:24,No
Police brutality in Nairobi‚Äòs slums | DW Documentary,Jh7Owgvlu0Y,2018-02-05T11:16:27Z,264863,12:07,Yes
"""David Dobrik Is NOT A Victim"" - *UPDATE on Casey Neistat's Unreleased Documentary*",76K1Dmq-BZc,2023-11-22T22:00:06Z,253660,7:50,Yes
The darker side of the incel world | Uncovering Incels | Short Documentary,Ws-f5BxfGok,2023-06-29T07:24:18Z,241848,10:08,No
Young and homeless in New York | DW Documentary,tXb_zrHp4H8,2023-12-31T17:00:46Z,245232,12:26,Yes
7 Ghanaian Players Who Failed To Reach Their Potential - Documentary,m6wV9Zz1AQo,2019-12-31T06:19:27Z,238215,13:18,Yes
Sukoon-e-Satguru | A short documentary | Sant Nirankari Mission | Universal Brotherhood,__J2MyR5kCo,2023-11-06T14:19:43Z,235307,13:56,No
Williston: The North Dakota Oil Boom (Documentary),8MukcZYpD3M,2013-05-23T03:40:35Z,231630,10:54,Yes
Levi's¬Æ Shape What's to Come Documentary by Chiara Clemente,7siDUX-9Kx8,2010-12-10T23:09:33Z,226157,6:51,Yes
Documentary | Inside the Training,GuJdHu3BGkI,2023-06-13T11:00:07Z,225367,8:22,Yes
TIMELAPSE OF FUTURE TECHNOLOGY II (Sci-Fi Documentary),2xkODJbAY6Q,2023-12-23T12:15:00Z,227819,16:53,Yes
Elixir: The Documentary,lxYFOM3UJzo,2018-07-13T13:44:42Z,218951,12:49,Yes
Uruguay's Legal Cannabis Trade (Documentary),AUi-Gg2oW8M,2014-02-02T08:38:10Z,213532,11:29,No
Diving Bell Ship - Working Underwater Without Getting Wet | Free Documentary Shorts,ykuUDTyT7Gg,2020-12-18T14:00:14Z,213605,5:12,Yes
Elvis Presley - If I Can Dream Album Documentary (Long Version),M2U9RqQMm7o,2016-01-08T08:00:00Z,207314,5:49,No
Canada: Why Many Aboriginals Grow into Crime | DW Documentary (Crime documentary),FG1hCPijyj4,2018-11-20T09:30:00Z,207612,12:01,Yes
The Green Mountain Rangers : Operation Pine Plains 3 Airsoft Documentary Part 2,g0YEHQ65_HY,2010-04-19T07:19:21Z,206767,9:35,Yes
The legacy of Julia Child told in a mouth-watering documentary ‚ÄòJulia‚Äô | Nightline,fEHT8gwgaJA,2021-11-16T08:43:19Z,203015,6:44,Yes
Inside Detroit's Fentanyl Overdose Epidemic | Documentary,NZ_2CL-qEWw,2023-12-03T17:01:57Z,198180,19:12,Yes
"Documentary preview: ""Bartitsu - the Lost Martial Art of Sherlock Holmes""",ZDNaC-2HW-A,2009-12-31T00:31:19Z,194669,4:09,Yes
Original Documentary: Airport Uncovered - Inside New York JFK,0VhlRQcHY7Q,2021-07-29T13:00:01Z,189329,17:30,Yes
Abiogenesis | A Short Film by Richard Mans,tVuXiCTGiV4,2015-06-06T07:00:00Z,185614,4:19,Yes
"Oskar Schindler - Part 4,  Award-Winning Holocaust Documentary",P8SS2x_rkuk,2010-01-26T20:57:02Z,183145,5:02,Yes
The Heartbreaking Case of Sarah Widmer! True Crime Documentary.,BUNS8_iJ1fc,2023-12-29T16:00:06Z,184308,18:41,Yes
'The Miracle Of Asia' (Part 1) - Singapore Documentary,xRvbrzIyV9E,2010-04-16T16:29:35Z,180824,8:55,Yes
The Gillingham Fair Disaster | A Short Documentary | Fascinating Horror,sSTDOWvbyxM,2024-01-09T10:15:02Z,182739,10:44,Yes
"ÿ±Ÿäÿ®Ÿàÿ±ÿ™ÿßÿ¨ | ""ÿØÿßÿ±ŸäŸÜ ÿ∫ÿßÿ®"" ÿ®ŸäŸÜ ÿ®ŸÜŸÖÿß ŸàŸÉŸàŸÑŸàŸÖÿ®Ÿäÿß: ÿ£ÿÆÿ∑ÿ± ÿ∑ÿ±ŸÇ ÿßŸÑŸáÿ¨ÿ±ÿ© ŸÑŸÑŸàÿµŸàŸÑ ÿ•ŸÑŸâ ÿ£ŸÖÿ±ŸäŸÉÿß | Ÿàÿ´ÿßÿ¶ŸÇŸäÿ© ÿØŸä ÿØÿ®ŸÑŸäŸà",XZO07Z9tW1E,2024-01-08T18:00:14Z,176819,12:26,No
Nadia Comaneci small documentary,TRPzCmZOvIM,2009-02-21T11:15:51Z,174423,6:13,No
British Army Sniper Training: Discovery Channel Documentary,cszXpl2obBI,2010-05-11T18:25:35Z,173336,6:57,Yes
The Twilight Saga: Eclipse Part 5 Making of Documentary,C3osVDq4HIo,2012-02-15T00:15:36Z,172928,12:35,No
Real Life Mermaid Melissa Documentary,VUVcLELL6aA,2014-09-23T09:17:01Z,171845,8:22,Yes
Bangladesh: Fear among Hindus as religious festival starts | DW Documentary,VoPyuD6flUk,2022-09-26T16:00:17Z,170223,12:26,Yes
The Journey of Elon Musk (Documentary),d6TksmldG7E,2023-06-14T17:42:53Z,162264,13:41,Yes
So You Want To See The World? (Travel Film),CDx2fxb5ZF4,2023-05-02T13:30:03Z,161104,5:36,Yes
Racism in the UK | DW Documentary,sI607wWfMSw,2020-07-06T18:00:09Z,150405,12:32,Yes
Racism in the UK | DW Documentary,sI607wWfMSw,2020-07-06T18:00:09Z,150405,12:32,Yes
Curry and Cyanide Movie Explained in Telugu | Curry & Cyanide: The Jolly Joseph Case Movie in Telugu,WIVMsI3pkPM,2023-12-29T04:30:10Z,151193,14:08,No
The Economics of Asteroid Mining (Documentary),xbsivwZDhGA,2020-11-04T21:15:02Z,145893,13:49,Yes
Florida National Everglades Park Documentary,OfH22cJc8uw,2012-07-15T21:06:39Z,145631,7:06,Yes
Belize Documentary,hrfiqeMwQT0,2015-12-28T03:59:47Z,143775,19:42,Yes
Metrocenter Mall: It's Much Worse! | Retail Archaeology Dead Mall Documentary,VJst6zMG5qI,2018-03-14T16:00:04Z,141818,14:39,Yes
Riding Fixed Gear a Documentary,sQG7no31-p4,2014-04-13T17:43:52Z,140911,4:58,Yes
The Gender Spectrum documentary,jGp5fnrCwXQ,2015-08-04T23:06:04Z,137906,18:20,Yes
Hong Kong Unrest - a 360¬∞ Virtual Reality Documentary,39_JlqGj_0Y,2015-03-18T07:53:18Z,134439,7:17,Yes
"Boxer Dog Documentary (info, temperament, training tips)",2jZkESZ-n7M,2017-04-18T06:48:17Z,129088,4:25,No
How the British Royal Navy RESPONDS to Russian Navy THREATS | Documentary,RuQuX8jN9Zs,2024-01-03T19:17:34Z,133903,17:21,Yes
Sub Focus Live - Behind The Scenes Documentary,OS1XTIMYY78,2013-09-24T12:24:50Z,123650,17:19,Yes
Malala Yousafzai's Visit to Trinidad - Documentary,TyDdSqz843U,2015-01-05T23:25:33Z,121416,6:03,Yes
Documentary (feat. Bigga Rankin),rYjIyGAjxKg,2016-02-26T05:42:44Z,121077,4:15,No
Migrants and the Dari√©n Gap | DW Documentary,FTxsXHFhBPE,2024-01-08T17:00:10Z,118536,12:26,Yes
Forbidden Archaeology: Lost Giants of America | Documentary Part 1,T4qWS70W7rA,2023-12-21T00:00:09Z,116490,14:41,Yes
Newtown Divided (full documentary) | FRONTLINE,qfh0ligFOX4,2022-06-07T23:00:28Z,115366,19:44,Yes
What I Believe - Documentary Short,QLvWVFZ5mXU,2011-01-22T19:53:38Z,112856,4:49,No
German police ‚Äî on patrol with bodycams | DW Documentary,BAdvwQKyYkM,2019-09-09T18:00:00Z,109480,12:31,Yes
MilSim: An Airsoft Documentary,XgQ00oTdEe0,2013-11-08T04:00:42Z,107290,6:25,Yes
The Elite Smash Documentary,7Ekfu5p9fy4,2020-09-26T16:15:00Z,102966,8:02,Yes
CONTROVERSY TRAILS T.B. JOSHUA DOCUMENTARY,YuCfuC6BOoE,2024-01-10T07:34:58Z,92511,5:17,Yes
China's helping hand in Laos | DW Documentary,R7HsDKAa-CI,2023-03-13T17:00:13Z,92163,12:26,Yes
Lock Snapping vulnerable uPVC Euro Profile cylinder door locks documentary,GI5hz2LbtCE,2012-08-13T22:41:31Z,90508,7:14,Yes
Kiribati and climate change | DW Documentary,3EQLFHRHpag,2023-11-20T17:00:04Z,89610,12:26,Yes
Living With Pure O (OCD And Mental Health Documentary) | Absolute Documentaries,1nu6VsjoEDQ,2021-06-09T15:30:01Z,88408,14:39,Yes
Jon Batiste and Suleika Jaouad talk powerful new documentary,G9__1u9MLHw,2024-01-11T18:30:15Z,84418,5:21,Yes
The Chilling Case of Blessie Gotingco! True Crime Documentary.,dTl9KDLZV3Q,2024-01-08T16:00:32Z,82561,18:43,Yes
The Man Who Will ‚ÄòLive Forever‚Äô | Biohacker Life Uncovered | Channel 4,nhnZCoUVkU4,2024-01-04T18:00:11Z,82756,19:24,Yes
Airbus A350 XWB Documentary 4/4,HFkWvkvmIdY,2015-06-20T03:13:03Z,75875,7:51,Yes
How Parkour Saved My Life - Parkour and Freerunning Documentary,Nk_RowZ-gEk,2014-08-07T22:59:46Z,72736,6:06,Yes
The America They Won't Show You - Brownsville NYC | Birthplace Of The Wooo,48yN_dr83IU,2024-01-08T17:00:05Z,72787,14:58,Yes
The Point Guard Documentary,PMrPEqkQWgc,2016-05-20T00:00:03Z,71823,10:08,Yes
‡¶∂‡¶æ‡¶ï‡¶∏‡¶¨‡¶ú‡¶ø‡¶∞ ‡¶∞‡¶æ‡¶ú‡¶ß‡¶æ‡¶®‡ßÄ ‡¶Ø‡¶∂‡ßã‡¶Æ‡ßü ‡¶Ø‡¶∂‡ßã‡¶∞ || Panorama Documentary,Ai0jjWp6UJE,2024-01-13T08:00:04Z,72332,17:34,Yes
The Preachers Response To TB Joshua's Documentary And The Prophecy By Arome/Uebert/Lovy And Bushiri.,zt3TygP8s_s,2024-01-09T10:01:32Z,69768,5:37,Yes
I Am Soccer Girl (Short Documentary),jTr3BbGoNQI,2016-03-03T14:49:28Z,66987,12:18,Yes
PLT By Molly-Mae - The Documentary | EPISODE 2 | PrettyLittleThing,GEISNtE3y8U,2022-03-13T19:00:06Z,63252,10:38,Yes
FINALLY: SCOAN Response to BBC documentary exposing TB JOSHUA,Nc_zKybW8ZQ,2024-01-10T19:02:47Z,61481,15:52,Yes
""" Beyond The Call "" Full Length PTSD Training Documentary",ESFWmqWux3s,2015-06-05T23:30:43Z,60678,17:41,Yes
The 5 Things Documentary Filmmakers NEED,3K1BVgA2KxM,2022-04-13T14:00:01Z,53444,11:33,Yes
My Meditation - Award Winning Short Documentary,5apOslP4xrM,2021-08-02T14:00:12Z,44981,4:27,Yes
Tb Joshua predicted the bbc documentary before he dyed ???,eLCohlKYKmg,2024-01-09T14:54:59Z,41973,7:52,Yes
You Will Survive Doomsday - A Short Documentary Film,XsMFJT-Vna4,2020-11-15T16:26:17Z,33602,8:16,Yes
"NIGERIANS REACT TO BBC DOCUMENTARY ON TB JOSHUA, AN UNFORTUNATE REVELATION",L9u4YQCqSdY,2024-01-09T21:54:02Z,31133,16:59,Yes
Tb Joshua's Wife Speak Publicly Amidst BBC Documentary | The Female Banker RIP,ZW-EVu2cM1U,2024-01-12T20:03:03Z,29438,11:09,Yes
Our Wonderful Nature | CGI short film by Tomer Eshed,etrWOSh7wSo,2015-03-23T18:05:08Z,28630,5:00,Yes
Moscow Clad in Snow (1908) documentary,bG-2rCl2BF4,2016-12-18T17:19:07Z,25884,7:30,No
BREAKING ‚ÄºÔ∏èLovy Elias & Shepherd Bushiri RESPONSE To TB Joshua BBC Documentary Expos√©üò≥üò≥,gWt20eazBGE,2024-01-09T03:20:00Z,26276,15:58,Yes
"DEFENDERS: ""Wiseman John Chi DEFEND TB Joshua from BBC Cult documentary wt @B4Africa",GBNMuDOMkc8,2024-01-09T18:16:16Z,24035,17:16,Yes
Lexus | Morizo Documentary,wARr24fyj5g,2024-01-12T01:00:32Z,15307,7:14,Yes
Moscow Clad in Snow (1908) documentary,bG-2rCl2BF4,2016-12-18T17:19:07Z,25884,7:30,No
BREAKING ‚ÄºÔ∏èLovy Elias & Shepherd Bushiri RESPONSE To TB Joshua BBC Documentary Expos√©üò≥üò≥,gWt20eazBGE,2024-01-09T03:20:00Z,26276,15:58,Yes
"DEFENDERS: ""Wiseman John Chi DEFEND TB Joshua from BBC Cult documentary wt @B4Africa",GBNMuDOMkc8,2024-01-09T18:16:16Z,24035,17:16,Yes
Lexus | Morizo Documentary,wARr24fyj5g,2024-01-12T01:00:32Z,15307,7:14,Yes
How To Write An Effective Documentary Script,qaxmM-3AC8s,2023-06-08T17:47:11Z,14408,7:43,Yes
Lexus LBX Morizo RR - Reveal Documentary,JrSaS6wWw_w,2024-01-12T01:00:07Z,12631,7:14,Yes
Leo Tolstoy in Yasnaya Polyana (1908-1910) documentary,37cAlZAKPAo,2016-12-20T05:49:09Z,9084,6:29,No
EYEWITNESS ACCOUNT - BBC Documentary TB Joshua,2-8W3H5rUIQ,2024-01-13T18:27:45Z,26226,8:43,Yes
The Mastermind Behind TB Joshua BBC Documentary Finally Speaks,mf0XmiC0Loc,2024-01-09T22:02:19Z,7843,4:49,Yes
Heavy Machines at Work: How Marble is Mined | Documentary Of Marble Quarries,EvXVj4gCG28,2024-01-12T20:41:21Z,4562,8:18,Yes
Brother Chris Statement On BBC's Documentary Against TB JOSHUA!!!,#NAME?,2024-01-12T23:16:43Z,2562,4:07,Yes
VANNDA SKULL 2 - NEXT LEVEL | DOCUMENTARY EPISODE 5 ( REACTION ),0PaEfKEAyU8,2024-01-12T17:29:39Z,1385,11:09,Yes
Prophet TB Joshua's Son Replies BBC Africa over Documentary,-54r-QdJBdo,2024-01-13T21:14:03Z,1747,15:36,Yes
"BBC Documentary, SCOAN Has Finally Responded To The Allegations Against TB Joshua.",PbMNe3qB44s,2024-01-13T18:48:45Z,646,17:58,Yes
TB JOSHUA'S WIFE BREAKS SILENCE ON BBC DOCUMENTARY + CELEBRITY DEFEND HIM,QPmQoihVin4,2024-01-13T09:03:59Z,324,14:11,Yes
"Arausio, 105 BC: Rome's Worst Military Defeat (Documentary)",Rr7qsrt6kuI,2024-01-13T19:15:10Z,4004,14:06,Yes
*CAUTION* Abduction Caught On Camera | Naomi Irion Case - True Crime Documentary,KCE5tyAuJCY,2023-11-21T16:45:25Z,1,16:22,No